timestamp,src_ip,dst_ip,protocol,packet_size,label
2024-01-07T00:10:28,57.41.217.121,156.59.109.136,UDP,251,normal
2024-08-19T15:12:07,139.24.80.86,116.228.17.157,UDP,107,botnet
2024-08-15T21:02:37,13.125.189.189,211.137.138.137,ICMP,1227,normal
2024-04-08T14:34:34,51.126.117.33,140.210.13.176,TCP,381,normal
2024-05-15T02:33:55,60.238.193.232,63.38.195.138,ICMP,391,normal
2024-06-30T16:45:25,157.139.8.108,84.83.195.89,UDP,533,normal
2024-03-17T19:36:55,85.178.15.134,119.137.189.223,TCP,1175,botnet
2024-06-13T07:07:14,205.96.152.224,33.19.106.110,UDP,858,normal
2024-10-23T19:31:10,154.22.189.164,119.229.0.143,ICMP,1248,botnet
2024-02-06T22:40:21,15.228.253.231,59.176.136.48,ICMP,699,normal
2024-11-20T09:15:35,45.192.225.122,24.111.11.105,ICMP,1126,normal
2024-02-07T17:32:16,75.156.86.209,96.92.232.9,TCP,1113,normal
2024-09-01T03:54:07,161.54.165.182,166.90.22.31,UDP,1187,normal
2024-09-08T03:34:01,170.46.156.100,204.15.48.244,ICMP,848,normal
2024-06-20T19:57:56,18.21.176.145,198.248.61.251,ICMP,93,botnet
2024-04-06T03:57:16,222.207.46.231,115.143.41.155,TCP,1086,normal
2024-02-18T21:22:35,177.3.29.6,17.9.208.185,TCP,729,normal
2024-02-02T00:22:10,171.113.58.243,179.171.192.94,UDP,1242,botnet
2024-09-02T10:03:20,24.231.62.197,88.51.101.103,UDP,977,normal
2024-08-16T06:34:50,110.41.140.168,15.134.2.45,UDP,797,botnet
2024-01-10T06:22:56,189.192.106.252,159.89.238.6,TCP,1190,botnet
2024-08-23T23:40:07,101.215.234.122,31.95.199.53,TCP,1276,normal
2024-05-25T14:08:57,116.60.169.232,133.133.145.142,TCP,1070,normal
2024-09-06T01:17:18,12.75.170.156,18.90.237.90,TCP,69,botnet
2024-08-10T22:31:47,82.59.28.156,62.180.29.213,UDP,1192,botnet
2024-12-08T05:22:35,107.209.151.200,17.230.145.218,ICMP,1423,normal
2024-02-22T05:13:28,198.128.136.240,111.252.175.217,ICMP,198,normal
2024-07-13T00:57:14,42.20.185.196,108.126.14.60,TCP,1100,botnet
2024-04-07T20:00:28,54.131.5.138,211.247.86.77,TCP,1074,botnet
2024-07-17T20:58:21,208.124.222.15,113.30.148.26,ICMP,1185,botnet
2024-11-08T21:16:51,172.216.159.51,84.19.129.81,UDP,1400,normal
2024-05-28T17:14:56,197.160.154.8,193.107.86.13,UDP,387,normal
2024-08-04T22:58:43,107.163.19.255,204.70.159.187,ICMP,314,botnet
2024-07-04T20:38:42,43.45.68.149,85.244.45.176,ICMP,1193,botnet
2024-07-15T21:04:46,24.0.244.144,58.190.115.44,UDP,1489,botnet
2024-09-15T07:29:37,17.85.42.239,15.229.223.26,ICMP,268,botnet
2024-02-13T21:52:12,55.123.176.157,120.228.23.217,ICMP,528,botnet
2024-12-23T09:04:08,97.155.53.32,172.163.134.112,UDP,118,normal
2024-10-07T23:36:08,108.205.171.28,125.115.201.128,UDP,405,botnet
2024-07-13T00:31:55,60.153.172.166,64.107.45.21,ICMP,1357,botnet
2024-07-15T01:32:11,24.168.233.0,204.16.107.252,ICMP,841,botnet
2024-12-11T13:26:32,11.143.29.109,141.110.209.94,UDP,1254,botnet
2024-09-06T12:44:43,193.77.100.158,35.220.224.250,TCP,1486,normal
2024-05-09T08:50:54,110.82.237.169,221.162.228.213,UDP,1424,normal
2024-06-25T23:41:20,52.183.31.46,101.170.201.110,UDP,1418,botnet
2024-03-30T07:57:13,194.123.139.73,58.177.80.214,ICMP,1048,botnet
2024-03-10T09:18:21,176.52.229.61,154.39.246.163,ICMP,1349,normal
2024-12-07T15:42:51,202.202.201.13,90.243.164.143,ICMP,365,botnet
2024-03-28T03:53:21,2.26.108.196,95.73.86.216,ICMP,895,botnet
2024-06-07T09:18:18,62.115.123.18,174.196.107.15,UDP,509,botnet
2024-11-02T00:58:50,220.182.165.34,45.244.208.33,TCP,1351,normal
2024-08-19T12:16:10,79.167.155.252,189.174.48.133,ICMP,152,normal
2024-12-15T12:18:13,198.67.211.63,53.37.34.240,UDP,1180,botnet
2024-07-21T02:42:23,218.183.46.102,177.200.130.219,UDP,1455,normal
2024-05-10T17:54:59,181.114.238.170,83.112.149.195,TCP,929,normal
2024-07-04T01:45:36,23.91.210.44,165.58.211.236,TCP,525,normal
2024-06-12T18:29:37,28.58.39.114,121.248.159.92,TCP,1208,normal
2024-04-25T04:08:49,49.28.251.152,187.1.119.243,UDP,150,botnet
2024-03-01T06:31:37,161.47.9.153,91.214.139.118,UDP,153,normal
2024-09-05T20:43:20,52.175.252.125,26.200.108.207,UDP,296,normal
2024-01-30T01:40:28,174.110.15.177,59.208.241.131,UDP,444,botnet
2024-08-17T23:36:32,221.184.62.243,21.12.170.153,ICMP,796,normal
2024-11-16T08:05:17,167.141.241.60,170.55.119.238,UDP,1406,normal
2024-09-22T15:18:10,191.86.174.81,102.143.23.23,ICMP,502,botnet
2024-10-11T13:15:04,41.183.187.237,112.18.216.248,ICMP,697,normal
2024-06-15T13:34:30,152.1.128.178,217.29.206.123,ICMP,986,normal
2024-10-23T15:53:03,122.44.160.149,62.10.15.193,UDP,1118,normal
2024-11-06T11:08:30,180.65.154.251,177.224.102.26,UDP,1273,normal
2024-05-24T17:36:08,172.110.30.219,157.183.109.15,TCP,130,normal
2024-03-19T17:32:26,189.241.67.154,197.88.228.224,TCP,113,botnet
2024-07-01T06:16:13,89.86.188.136,222.117.185.215,TCP,642,botnet
2024-05-20T12:07:31,91.38.201.184,57.74.84.152,TCP,1411,normal
2024-05-23T04:31:18,32.251.132.182,137.193.35.27,TCP,275,botnet
2024-03-03T01:17:53,58.216.104.111,61.64.156.232,TCP,1111,botnet
2024-06-20T01:58:33,33.247.225.8,86.236.228.195,ICMP,1496,normal
2024-10-24T09:30:59,156.124.80.141,207.250.254.187,ICMP,1288,normal
2024-04-03T01:48:32,135.187.205.23,21.235.104.105,ICMP,1255,normal
2024-06-20T06:24:55,133.30.108.97,116.247.211.85,ICMP,645,normal
2024-04-26T16:55:44,38.26.78.175,136.113.126.150,TCP,996,normal
2024-02-22T11:38:40,146.66.83.69,32.77.249.29,ICMP,1197,normal
2024-03-17T14:55:04,21.151.147.237,85.122.167.110,TCP,1046,normal
2024-06-28T22:05:25,75.184.113.238,134.93.211.46,ICMP,937,normal
2024-05-21T23:06:56,10.75.4.156,144.169.208.113,TCP,1301,botnet
2024-05-28T13:48:54,181.50.88.49,153.48.173.145,ICMP,1455,normal
2024-06-05T06:09:57,126.245.191.198,125.153.226.54,UDP,837,normal
2024-07-28T19:19:34,91.0.91.83,51.172.41.127,UDP,196,normal
2024-02-23T22:07:32,35.197.29.17,67.249.120.194,TCP,1344,botnet
2024-12-05T06:16:03,200.23.175.167,38.96.154.207,UDP,584,botnet
2024-05-11T17:37:47,168.233.107.181,46.193.252.142,UDP,1225,botnet
2024-11-17T04:02:41,152.45.202.32,166.74.133.90,TCP,308,botnet
2024-05-10T06:48:53,20.149.25.79,217.125.104.251,TCP,265,normal
2024-08-14T09:27:28,74.122.165.83,119.137.248.102,ICMP,634,botnet
2024-10-22T16:22:47,15.41.12.136,46.89.12.187,ICMP,1374,normal
2024-05-27T13:08:00,157.94.87.60,58.150.79.127,UDP,1461,normal
2024-10-31T04:57:19,65.182.20.242,110.136.51.204,ICMP,247,botnet
2024-03-01T13:32:44,180.227.116.221,90.186.185.156,UDP,738,normal
2024-01-27T06:25:06,174.212.178.210,146.124.43.171,ICMP,744,botnet
2024-08-24T17:02:23,215.219.74.167,110.57.102.73,ICMP,319,botnet
2024-02-13T10:41:41,198.82.92.51,83.30.23.36,ICMP,787,normal
2024-08-08T20:18:57,207.22.168.171,87.129.25.243,TCP,1396,botnet
2024-10-12T20:54:27,50.49.201.141,56.90.232.238,UDP,993,normal
2024-05-07T09:11:47,82.3.114.67,45.158.206.32,UDP,518,botnet
2024-01-15T02:23:30,128.254.201.217,134.63.62.111,ICMP,721,botnet
2024-02-07T10:50:44,193.243.138.80,161.214.80.197,ICMP,1217,normal
2024-03-09T13:26:28,198.190.247.246,167.247.210.186,UDP,912,botnet
2024-06-10T16:41:29,4.165.247.204,89.143.212.226,ICMP,435,botnet
2024-03-10T14:14:28,50.192.124.174,101.219.76.251,UDP,845,normal
2024-10-31T09:08:40,96.152.123.121,223.197.168.70,UDP,915,botnet
2024-10-04T21:39:18,12.157.146.112,18.134.108.204,TCP,795,botnet
2024-01-05T10:01:32,9.115.139.101,72.224.191.48,ICMP,722,botnet
2024-04-04T22:10:30,151.90.36.234,23.174.151.192,UDP,680,normal
2024-05-01T13:59:59,50.189.187.36,19.84.81.25,TCP,85,botnet
2024-07-31T05:08:26,190.158.16.5,20.26.206.83,UDP,333,normal
2024-10-13T21:48:59,57.200.113.198,140.198.179.24,UDP,647,botnet
2024-12-07T08:04:19,9.251.65.240,103.45.45.20,TCP,395,normal
2024-04-04T01:38:48,75.97.64.119,14.167.65.64,UDP,70,botnet
2024-09-27T18:32:56,58.167.143.156,30.65.51.245,UDP,1383,botnet
2024-09-04T11:24:27,177.230.63.83,157.85.174.28,ICMP,1022,normal
2024-05-06T00:10:18,154.208.24.73,27.81.125.46,TCP,1359,botnet
2024-03-09T14:21:01,119.152.109.133,139.200.147.69,TCP,1350,botnet
2024-08-29T13:47:05,3.77.234.120,118.115.166.247,TCP,587,normal
2024-10-29T18:09:07,49.115.204.153,190.109.98.120,UDP,1104,botnet
2024-03-17T04:40:25,14.203.58.183,128.157.103.67,ICMP,1265,botnet
2024-11-26T07:39:42,94.181.25.105,122.124.97.27,TCP,257,botnet
2024-12-05T01:37:07,89.254.64.3,219.63.173.41,ICMP,1276,normal
2024-03-18T23:11:16,17.231.148.205,215.203.201.115,TCP,638,normal
2024-03-26T06:38:32,83.81.30.160,171.110.9.19,TCP,1472,botnet
2024-03-23T17:06:22,199.69.202.144,184.245.128.16,TCP,304,botnet
2024-06-08T21:54:10,112.110.198.89,5.156.188.29,UDP,537,normal
2024-03-15T22:39:05,135.52.184.77,13.205.192.234,ICMP,297,normal
2024-03-13T02:18:24,89.36.17.222,111.244.100.251,ICMP,932,normal
2024-02-01T20:15:58,57.157.107.132,160.96.184.168,UDP,1374,botnet
2024-04-28T15:34:36,146.132.53.248,27.222.25.152,ICMP,797,normal
2024-08-04T22:52:35,95.225.45.30,59.7.83.221,TCP,1165,normal
2024-11-10T07:14:43,27.77.140.106,67.85.31.206,UDP,1244,botnet
2024-01-12T23:32:08,193.82.148.190,174.90.18.6,TCP,481,botnet
2024-03-04T00:01:29,152.150.27.151,43.138.97.116,UDP,1294,botnet
2024-10-29T17:47:06,64.157.183.22,55.11.209.232,TCP,1112,normal
2024-01-02T18:19:59,178.5.84.90,53.57.195.185,UDP,1131,normal
2024-07-06T14:26:42,27.106.79.37,65.222.62.116,ICMP,446,botnet
2024-10-20T12:33:39,28.197.182.0,194.101.190.186,UDP,1472,normal
2024-07-21T08:20:43,147.90.78.39,165.136.40.215,TCP,191,normal
2024-09-15T05:38:49,153.216.202.61,215.87.237.243,TCP,647,botnet
2024-10-07T12:18:53,123.28.28.177,15.70.249.157,TCP,104,botnet
2024-09-06T04:38:44,24.246.173.151,18.207.38.201,UDP,1413,botnet
2024-04-27T06:06:04,9.150.114.116,2.8.216.253,UDP,1059,botnet
2024-05-26T07:18:01,169.222.187.160,117.225.169.84,UDP,292,botnet
2024-02-20T13:16:05,187.118.22.193,89.130.73.140,ICMP,1409,botnet
2024-05-05T19:26:08,164.130.161.249,222.102.138.124,ICMP,563,normal
2024-03-26T22:05:31,11.203.119.14,8.54.53.57,ICMP,1059,botnet
2024-10-04T22:55:38,55.123.254.122,45.78.30.133,TCP,1181,botnet
2024-06-28T10:18:31,222.74.177.29,4.163.58.137,ICMP,754,normal
2024-12-15T16:11:37,204.238.139.122,66.25.93.162,TCP,536,botnet
2024-06-30T02:05:42,26.147.17.33,203.122.192.98,ICMP,1130,botnet
2024-05-12T14:28:32,101.12.236.207,25.230.57.236,ICMP,1138,botnet
2024-01-01T14:20:34,151.26.164.49,105.197.207.127,TCP,479,normal
2024-11-29T06:19:14,205.236.72.44,88.42.170.8,TCP,1021,botnet
2024-11-28T04:33:40,11.234.62.98,187.202.85.46,TCP,1285,normal
2024-01-02T03:50:25,133.61.124.208,24.88.178.30,TCP,75,normal
2024-10-13T07:01:39,125.189.83.108,87.44.194.16,UDP,1132,normal
2024-10-21T22:25:56,143.211.37.170,183.209.29.236,ICMP,592,normal
2024-11-05T13:52:33,139.35.238.101,16.123.196.213,TCP,1097,normal
2024-06-17T12:28:38,88.205.249.67,161.23.10.74,ICMP,153,botnet
2024-07-09T00:06:13,173.110.16.28,183.248.154.244,TCP,832,botnet
2024-10-14T19:49:45,120.41.45.105,21.29.89.205,ICMP,876,normal
2024-04-21T20:10:36,129.127.158.92,82.154.7.34,UDP,923,normal
2024-06-06T04:28:17,16.145.128.77,88.226.210.222,ICMP,420,normal
2024-02-09T07:15:45,7.111.138.148,189.158.98.64,TCP,748,botnet
2024-03-22T07:40:10,143.8.147.230,48.24.67.184,ICMP,588,botnet
2024-10-02T07:53:45,33.180.81.47,147.251.68.31,UDP,1448,botnet
2024-07-03T12:39:28,172.13.188.226,201.7.190.87,TCP,219,botnet
2024-05-05T08:39:16,116.206.97.107,104.170.26.244,UDP,420,normal
2024-11-01T18:01:46,205.126.197.173,190.21.116.153,TCP,209,botnet
2024-07-20T04:26:31,128.137.62.66,132.90.124.183,TCP,243,botnet
2024-02-25T05:07:48,68.131.53.148,104.214.12.235,UDP,412,botnet
2024-07-12T08:29:43,69.162.237.75,101.185.221.126,TCP,900,botnet
2024-09-17T10:00:53,139.111.96.34,104.33.166.250,UDP,1285,botnet
2024-06-29T01:27:39,167.100.133.30,188.21.176.144,UDP,871,normal
2024-11-15T10:43:38,154.4.252.225,67.26.176.167,ICMP,1298,normal
2024-08-15T22:17:52,128.197.217.118,109.38.23.103,TCP,799,normal
2024-10-12T04:48:32,63.122.138.215,109.40.94.105,ICMP,875,botnet
2024-06-17T09:37:28,120.128.223.93,204.219.24.107,ICMP,1267,botnet
2024-02-26T16:03:50,20.222.24.181,43.214.227.131,ICMP,540,botnet
2024-09-24T06:40:58,123.21.124.228,161.1.102.136,UDP,1087,botnet
2024-03-10T15:34:17,39.35.241.240,190.185.236.5,ICMP,1222,botnet
2024-04-09T15:18:19,172.216.216.124,222.110.183.142,UDP,1200,normal
2024-02-24T21:04:53,187.90.8.248,76.99.159.133,UDP,1044,normal
2024-07-17T09:05:37,75.59.213.112,9.85.127.193,ICMP,931,normal
2024-01-16T02:06:35,39.245.128.159,183.190.210.88,ICMP,1217,normal
2024-11-07T10:54:49,89.218.119.87,122.250.211.123,ICMP,350,normal
2024-08-25T05:29:06,117.76.131.11,48.86.65.10,UDP,599,normal
2024-04-04T13:12:34,126.166.117.86,19.136.92.125,ICMP,519,botnet
2024-09-17T14:01:51,180.253.231.40,55.241.190.203,TCP,122,normal
2024-04-16T01:29:57,168.248.81.157,194.215.151.221,ICMP,1067,botnet
2024-08-23T22:25:47,37.166.45.9,144.13.249.190,UDP,1065,botnet
2024-01-12T17:34:44,118.72.219.112,56.232.141.138,TCP,1131,botnet
2024-01-14T04:17:01,90.94.35.213,36.91.131.192,ICMP,790,normal
2024-10-07T14:18:24,212.50.85.26,179.247.237.148,TCP,336,normal
2024-05-08T18:06:54,177.254.41.81,52.51.201.175,ICMP,270,botnet
2024-05-07T04:39:54,143.246.32.108,74.84.192.27,TCP,81,botnet
2024-03-15T19:10:29,217.172.45.134,141.64.224.28,TCP,397,botnet
2024-05-05T21:34:02,4.12.101.112,216.127.150.40,UDP,603,botnet
2024-04-10T15:25:18,64.114.254.40,131.160.38.158,UDP,827,normal
2024-04-05T04:56:14,213.91.180.202,24.138.214.89,ICMP,1480,normal
2024-02-11T12:51:42,196.16.80.22,221.254.254.49,UDP,530,normal
2024-03-04T11:32:56,124.142.182.100,101.43.33.46,UDP,241,botnet
2024-12-17T11:50:22,172.97.187.227,42.157.49.34,UDP,72,botnet
2024-03-02T10:40:26,153.96.75.75,180.114.94.120,ICMP,336,botnet
2024-03-30T02:11:39,78.199.243.118,62.38.19.45,ICMP,303,normal
2024-03-21T23:38:41,23.141.91.235,69.79.170.207,ICMP,1074,normal
2024-06-16T05:53:00,215.140.96.16,52.20.173.170,TCP,1069,botnet
2024-06-08T16:21:13,140.137.165.131,125.98.229.171,UDP,122,botnet
2024-10-09T14:30:40,222.40.159.154,49.65.109.25,TCP,1008,botnet
2024-03-06T09:47:06,12.148.148.49,1.230.92.105,UDP,1136,botnet
2024-06-07T02:23:33,15.192.201.41,117.203.163.199,TCP,1418,normal
2024-09-09T00:20:12,40.233.29.133,56.164.8.129,UDP,999,botnet
2024-10-19T07:13:32,219.200.141.218,11.255.91.78,ICMP,1395,normal
2024-08-26T22:05:45,192.242.21.152,22.224.72.129,TCP,256,normal
2024-08-15T14:51:58,50.60.241.28,38.104.196.113,ICMP,888,botnet
2024-11-14T11:04:32,210.174.80.131,30.30.79.248,TCP,1047,botnet
2024-10-09T03:03:55,210.131.108.32,189.193.9.111,TCP,373,normal
2024-06-10T03:18:04,199.178.163.163,190.34.188.62,UDP,328,normal
2024-09-08T07:53:05,49.125.158.74,178.190.91.78,UDP,773,normal
2024-04-27T08:12:24,81.223.211.230,163.138.220.218,UDP,608,botnet
2024-11-11T15:53:21,44.45.247.247,22.251.1.152,UDP,236,botnet
2024-04-14T17:36:49,151.161.188.127,44.124.9.123,UDP,894,botnet
2024-04-17T01:04:44,57.19.127.126,17.147.190.97,UDP,1136,botnet
2024-05-24T10:12:12,139.182.237.153,198.160.74.196,TCP,399,normal
2024-10-05T08:05:22,130.175.226.39,98.183.213.214,UDP,671,botnet
2024-08-10T20:27:48,77.196.201.21,178.249.20.178,ICMP,1246,botnet
2024-11-02T06:29:23,135.46.149.33,139.143.185.127,ICMP,661,normal
2024-04-12T03:26:48,175.164.15.41,91.163.85.73,ICMP,82,normal
2024-09-25T13:26:22,79.165.131.219,91.193.41.242,TCP,787,botnet
2024-06-27T12:07:02,8.182.232.198,18.171.203.7,ICMP,1024,botnet
2024-02-27T08:01:59,125.206.123.225,152.157.121.245,UDP,420,botnet
2024-02-20T12:40:05,53.118.235.215,72.157.39.100,TCP,1111,botnet
2024-09-13T17:46:29,147.15.153.234,105.28.2.102,TCP,300,normal
2024-02-27T21:35:53,16.26.143.98,146.75.31.34,ICMP,238,botnet
2024-05-18T21:19:11,76.9.191.76,190.220.199.174,UDP,1172,botnet
2024-09-04T06:40:54,22.233.52.30,165.100.85.35,ICMP,685,botnet
2024-01-03T07:01:08,176.227.24.83,65.18.85.252,TCP,1371,normal
2024-08-28T06:14:36,106.68.152.240,96.130.20.99,UDP,1203,botnet
2024-05-07T04:08:45,213.9.53.155,206.168.67.21,ICMP,312,botnet
2024-11-07T02:15:11,99.221.33.35,165.83.72.233,TCP,841,normal
2024-02-18T09:30:32,173.238.36.77,152.14.190.86,ICMP,815,normal
2024-09-02T00:36:47,144.200.221.127,78.248.210.86,ICMP,623,botnet
2024-09-08T09:46:38,92.203.186.151,217.125.70.70,ICMP,473,normal
2024-05-31T14:10:32,49.94.205.100,150.150.56.23,UDP,1224,normal
2024-08-23T00:29:00,18.181.245.44,218.90.90.187,TCP,175,botnet
2024-01-07T15:29:16,58.73.189.83,54.235.101.172,UDP,82,normal
2024-10-11T03:25:12,220.101.140.127,171.36.206.121,ICMP,1270,botnet
2024-08-19T12:01:40,158.12.82.82,8.33.161.87,UDP,1426,normal
2024-06-24T13:10:47,205.181.62.204,198.150.77.254,ICMP,1085,normal
2024-06-10T21:26:50,101.182.76.250,1.101.165.242,ICMP,175,normal
2024-08-26T14:42:15,195.71.52.160,177.52.127.30,TCP,913,normal
2024-05-02T05:34:59,74.226.29.212,163.85.114.111,ICMP,1101,normal
2024-09-08T16:50:03,201.67.103.18,90.114.109.218,ICMP,1484,botnet
2024-02-17T12:54:27,125.116.19.8,191.205.134.44,ICMP,1036,normal
2024-01-18T07:33:37,5.40.41.85,107.30.162.81,ICMP,668,botnet
2024-01-18T05:00:09,193.123.181.17,182.59.222.217,TCP,87,botnet
2024-08-15T00:28:02,86.254.115.29,187.90.108.192,UDP,341,normal
2024-05-11T16:46:48,210.49.27.204,46.173.229.178,UDP,1473,normal
2024-08-25T23:36:42,212.235.237.44,35.83.25.59,UDP,1298,botnet
2024-08-26T00:25:55,151.12.238.3,119.82.35.40,TCP,735,botnet
2024-11-27T03:55:44,185.50.146.126,212.10.21.96,TCP,344,botnet
2024-01-02T06:32:57,116.53.196.16,185.149.5.24,ICMP,938,normal
2024-05-07T01:16:47,203.235.240.160,63.183.97.38,ICMP,292,normal
2024-03-28T13:37:04,28.11.231.4,96.101.38.165,TCP,685,normal
2024-09-10T04:01:08,117.108.110.254,182.233.105.0,TCP,879,botnet
2024-07-01T20:46:58,220.118.235.48,200.19.12.175,ICMP,171,normal
2024-08-24T10:55:51,175.9.62.186,219.221.130.127,UDP,98,botnet
2024-08-14T13:37:06,192.237.134.127,56.188.110.41,ICMP,324,botnet
2024-08-02T13:55:44,48.183.76.129,150.128.30.54,UDP,1184,normal
2024-08-20T12:07:56,196.50.247.136,123.137.61.144,UDP,761,normal
2024-10-20T22:19:25,41.53.196.194,58.135.91.68,ICMP,897,botnet
2024-01-28T12:55:15,169.195.110.113,146.176.246.19,UDP,575,normal
2024-06-12T18:57:39,45.20.65.167,129.250.41.83,ICMP,1193,normal
2024-11-30T06:12:25,105.253.41.191,6.237.8.245,TCP,1305,botnet
2024-10-27T15:12:26,29.205.44.13,18.120.12.12,ICMP,288,normal
2024-12-19T18:55:04,36.47.67.167,9.50.15.226,TCP,704,normal
2024-01-24T05:56:51,190.238.230.132,140.123.125.211,TCP,1196,botnet
2024-03-16T17:21:11,12.72.220.116,72.198.70.62,TCP,1075,normal
2024-05-09T15:40:50,167.42.111.171,118.94.174.145,TCP,834,normal
2024-01-24T09:15:51,117.59.128.147,192.98.83.102,UDP,341,normal
2024-10-02T11:41:07,218.223.249.79,73.251.246.166,ICMP,738,normal
2024-07-05T11:52:16,206.255.112.30,87.207.168.226,UDP,625,botnet
2024-05-07T05:53:00,46.45.71.12,3.91.160.119,ICMP,1366,botnet
2024-03-21T22:09:43,53.244.190.170,12.189.172.198,UDP,932,normal
2024-01-31T15:09:53,130.217.74.51,210.104.41.204,ICMP,515,normal
2024-03-02T19:20:56,207.70.49.9,168.238.198.242,UDP,1125,botnet
2024-08-08T07:19:21,160.130.168.2,143.200.16.137,ICMP,1466,normal
2024-11-05T07:42:06,167.129.197.55,72.68.249.213,TCP,298,botnet
2024-07-13T22:47:03,100.242.87.150,90.200.214.233,ICMP,1272,normal
2024-04-29T06:45:19,59.222.75.183,4.48.248.88,UDP,1351,botnet
2024-07-12T15:26:37,135.196.108.63,105.187.178.234,UDP,343,normal
2024-08-07T03:59:21,98.229.117.173,113.85.136.208,TCP,225,normal
2024-07-18T02:04:42,105.107.236.157,172.186.199.103,TCP,522,normal
2024-12-05T00:05:06,178.155.215.176,142.217.150.144,UDP,63,botnet
2024-11-08T14:09:24,79.92.226.66,56.87.44.37,UDP,941,normal
2024-04-05T22:14:43,29.106.213.27,129.159.88.246,ICMP,147,normal
2024-05-25T08:21:23,75.91.120.41,27.69.122.255,TCP,505,botnet
2024-03-16T11:17:56,23.174.233.160,161.104.1.27,TCP,1093,normal
2024-03-12T09:36:18,34.202.64.128,151.222.13.253,ICMP,1127,botnet
2024-02-28T00:27:08,43.48.184.154,108.254.109.229,ICMP,1044,normal
2024-01-07T16:34:02,135.70.13.59,110.52.26.79,UDP,1333,botnet
2024-02-25T14:12:21,78.98.245.164,175.67.120.48,UDP,787,normal
2024-06-29T13:42:25,114.97.126.107,194.38.250.208,ICMP,671,botnet
2024-04-19T17:58:50,51.45.47.223,108.76.168.70,UDP,242,botnet
2024-04-19T17:42:26,122.232.131.93,192.75.75.98,ICMP,841,botnet
2024-02-06T01:11:41,96.89.199.26,6.79.137.144,TCP,210,botnet
2024-12-20T22:39:06,122.49.68.21,211.220.138.180,ICMP,1319,normal
2024-01-19T20:44:23,173.193.83.61,209.88.163.147,TCP,714,normal
2024-10-16T17:19:02,141.243.229.93,213.47.18.141,TCP,149,normal
2024-09-04T06:44:14,179.109.57.130,138.214.199.123,UDP,118,botnet
2024-08-09T06:42:37,99.163.35.102,126.250.105.158,UDP,262,botnet
2024-03-19T00:16:11,183.88.6.88,142.212.209.1,UDP,254,normal
2024-10-20T12:14:35,145.117.76.25,115.98.187.103,TCP,759,normal
2024-10-22T22:15:15,43.69.105.9,126.147.208.42,UDP,937,botnet
2024-09-19T18:33:55,39.27.115.201,154.122.161.59,TCP,1051,botnet
2024-05-09T13:38:51,33.72.155.128,24.210.176.205,UDP,1294,normal
2024-10-06T12:12:04,113.10.3.66,121.6.182.232,TCP,218,normal
2024-10-29T14:36:45,9.79.197.171,109.31.50.185,ICMP,779,botnet
2024-07-13T12:55:04,5.4.28.164,124.133.105.161,TCP,460,normal
2024-06-23T04:28:20,72.101.209.20,214.150.141.47,TCP,433,normal
2024-08-05T16:46:16,161.212.135.97,88.250.5.107,TCP,408,normal
2024-10-19T21:49:45,144.16.52.64,68.174.7.210,UDP,837,botnet
2024-07-17T01:36:29,17.174.236.188,116.55.250.35,UDP,1203,normal
2024-07-25T14:24:31,191.58.210.89,16.23.80.149,TCP,361,normal
2024-05-29T06:35:13,57.99.75.94,34.181.85.241,TCP,996,normal
2024-02-04T22:05:58,77.33.61.100,44.235.127.142,TCP,311,normal
2024-07-15T09:59:37,57.241.160.234,122.224.7.40,UDP,290,botnet
2024-04-02T20:08:53,180.219.1.12,115.123.45.164,UDP,1360,normal
2024-02-16T14:44:12,204.26.115.31,171.237.255.224,UDP,484,normal
2024-04-03T04:05:48,15.104.137.76,6.100.199.84,UDP,552,normal
2024-09-13T07:20:53,118.189.118.222,82.168.67.246,ICMP,1116,botnet
2024-05-06T17:30:36,130.246.188.232,183.45.104.103,UDP,331,normal
2024-06-26T11:06:35,34.205.35.118,208.130.149.12,UDP,1145,normal
2024-01-01T17:57:29,212.133.174.157,24.13.143.61,TCP,985,normal
2024-07-31T19:38:11,195.66.180.101,134.165.246.146,ICMP,873,botnet
2024-06-23T02:44:09,93.15.91.164,209.54.72.164,UDP,124,botnet
2024-09-21T23:40:18,65.66.199.59,153.138.80.247,ICMP,216,normal
2024-06-01T15:58:42,212.232.28.247,31.94.172.216,ICMP,199,normal
2024-01-15T18:17:41,170.12.162.39,35.67.86.88,UDP,1391,normal
2024-09-29T23:33:35,164.251.240.88,186.36.23.138,ICMP,984,botnet
2024-10-12T07:37:39,10.69.108.52,59.217.216.189,ICMP,779,normal
2024-06-19T23:18:37,74.66.67.232,125.75.204.204,ICMP,306,normal
2024-06-07T05:55:46,66.176.216.168,3.222.25.22,UDP,987,botnet
2024-01-09T10:42:50,128.226.72.34,118.155.99.167,UDP,280,normal
2024-01-14T05:44:54,157.191.126.18,188.44.200.234,TCP,1085,botnet
2024-01-22T05:43:35,38.141.85.177,176.87.246.121,UDP,628,normal
2024-05-13T06:06:00,47.67.147.238,4.7.37.1,TCP,1032,normal
2024-06-08T04:25:02,201.76.217.79,17.3.87.155,UDP,1049,botnet
2024-08-03T05:16:01,20.57.1.223,16.65.165.188,ICMP,164,normal
2024-06-19T06:34:36,124.220.148.103,112.146.14.199,ICMP,1500,normal
2024-01-03T23:15:05,172.2.66.79,62.67.32.231,UDP,978,normal
2024-09-29T00:53:51,135.201.84.139,198.204.173.198,TCP,503,normal
2024-04-23T16:47:35,50.147.47.113,214.103.62.115,ICMP,315,normal
2024-10-31T02:40:05,185.0.71.67,131.55.32.38,TCP,847,botnet
2024-05-01T06:56:25,16.242.44.236,124.208.62.187,UDP,972,normal
2024-05-23T03:39:07,99.89.215.203,27.207.219.71,TCP,792,botnet
2024-12-13T07:33:09,86.60.31.253,106.226.170.39,TCP,717,botnet
2024-01-09T16:14:59,146.57.127.101,209.46.90.5,UDP,1034,botnet
2024-03-31T18:25:17,153.152.206.67,221.246.4.33,UDP,229,normal
2024-01-25T02:13:16,116.13.59.221,171.130.61.216,ICMP,65,normal
2024-08-21T21:13:43,48.18.224.118,65.13.175.159,UDP,1448,botnet
2024-01-16T10:40:59,106.126.68.164,65.239.234.169,TCP,1093,botnet
2024-08-06T16:22:59,73.179.206.148,217.159.25.93,UDP,1130,botnet
2024-11-30T09:44:16,50.208.9.45,154.110.246.218,TCP,279,botnet
2024-05-25T13:54:37,150.17.228.254,76.229.61.45,TCP,1196,normal
2024-09-27T18:01:53,183.235.164.168,205.159.99.43,TCP,1402,normal
2024-11-23T20:05:24,84.229.127.173,77.87.136.212,UDP,99,normal
2024-06-30T20:33:38,187.112.201.124,172.9.165.195,ICMP,479,botnet
2024-08-23T04:24:40,80.94.99.42,20.241.92.236,ICMP,1409,normal
2024-04-05T04:43:47,158.146.68.29,132.115.32.183,ICMP,511,botnet
2024-08-01T17:55:03,150.155.23.112,117.198.235.198,TCP,941,normal
2024-07-27T11:54:30,147.167.200.210,111.84.180.144,ICMP,950,botnet
2024-11-01T22:51:44,5.224.210.116,118.82.85.76,ICMP,1270,normal
2024-07-17T10:31:13,178.1.178.89,3.124.147.139,UDP,1037,botnet
2024-06-18T22:22:00,12.53.79.237,204.253.184.199,UDP,1030,botnet
2024-07-03T01:48:23,32.71.208.8,171.210.151.82,TCP,504,botnet
2024-09-29T09:47:45,150.34.96.9,151.21.128.18,TCP,950,botnet
2024-10-16T09:07:39,60.28.148.34,191.183.87.34,TCP,259,botnet
2024-01-02T01:16:30,125.172.231.184,112.170.25.172,TCP,87,normal
2024-05-28T10:53:17,223.20.19.205,28.132.206.234,ICMP,1334,normal
2024-09-15T21:58:34,34.76.145.59,37.226.168.193,TCP,340,normal
2024-07-28T13:20:38,182.247.215.193,177.40.219.135,ICMP,1053,botnet
2024-04-11T07:05:08,163.176.192.25,67.91.108.235,UDP,216,normal
2024-04-01T13:26:50,218.150.176.69,199.228.29.232,TCP,998,normal
2024-02-16T05:36:42,163.205.54.251,210.73.124.155,UDP,678,normal
2024-08-09T17:56:22,34.178.112.73,115.96.54.163,UDP,804,normal
2024-08-20T23:42:25,174.71.89.101,135.168.31.87,UDP,172,botnet
2024-01-09T15:27:31,141.110.163.204,90.29.220.152,TCP,750,normal
2024-10-11T14:48:29,36.245.177.209,116.254.21.205,UDP,190,normal
2024-09-11T02:02:22,191.107.85.207,4.187.26.166,TCP,244,botnet
2024-11-01T17:06:45,8.168.183.65,143.103.220.95,TCP,902,botnet
2024-05-30T08:38:10,74.72.93.7,47.51.187.114,ICMP,123,normal
2024-09-20T23:40:42,43.22.64.148,45.110.145.204,UDP,761,normal
2024-09-24T17:35:38,140.213.148.252,122.108.48.241,UDP,509,normal
2024-10-03T08:06:23,101.138.183.52,91.80.207.17,UDP,1295,botnet
2024-01-17T14:14:39,1.117.254.210,93.125.134.163,TCP,478,normal
2024-06-18T12:52:58,1.36.46.183,190.152.193.62,ICMP,478,normal
2024-12-06T09:03:01,33.88.226.174,23.214.200.181,TCP,285,botnet
2024-12-19T16:06:42,97.27.43.246,212.215.132.186,UDP,991,normal
2024-01-16T15:49:25,77.166.94.130,189.43.85.3,ICMP,283,normal
2024-04-10T13:11:07,102.90.41.102,23.95.213.181,UDP,397,botnet
2024-12-04T23:23:38,99.90.164.172,81.146.158.14,TCP,922,botnet
2024-11-29T00:16:44,210.59.139.214,29.150.90.77,ICMP,515,botnet
2024-03-19T22:25:10,65.227.179.41,21.46.68.103,UDP,396,normal
2024-04-29T10:44:02,44.173.66.237,137.86.82.118,UDP,719,botnet
2024-02-06T17:19:55,4.253.181.35,46.212.71.161,UDP,1304,botnet
2024-06-22T01:21:56,182.16.196.7,110.21.133.75,UDP,133,normal
2024-06-08T06:02:44,152.24.57.232,13.94.164.32,ICMP,1105,normal
2024-12-02T11:12:54,199.17.155.91,115.245.31.171,TCP,410,botnet
2024-03-06T06:04:09,150.13.128.209,187.27.220.101,TCP,551,botnet
2024-07-02T13:22:21,151.4.181.38,216.224.118.121,ICMP,538,normal
2024-11-22T00:19:54,136.104.111.234,154.237.167.124,ICMP,785,botnet
2024-03-29T17:37:40,125.184.113.196,78.175.101.232,UDP,881,botnet
2024-02-14T12:10:18,181.182.240.20,179.173.6.0,ICMP,292,normal
2024-09-18T18:16:59,105.0.0.22,204.208.228.121,ICMP,346,normal
2024-03-22T08:31:34,43.165.193.238,203.207.80.66,ICMP,1488,botnet
2024-06-26T13:50:06,110.89.255.163,203.68.230.26,ICMP,800,normal
2024-11-19T16:03:32,186.203.239.165,6.236.88.213,ICMP,1368,normal
2024-08-11T04:05:58,8.226.188.15,166.232.173.113,TCP,738,normal
2024-05-01T11:43:22,135.76.115.237,74.33.189.127,TCP,1039,botnet
2024-08-30T06:59:36,195.141.209.104,47.137.232.201,UDP,1341,normal
2024-07-02T23:13:45,166.25.48.167,179.90.195.148,ICMP,511,botnet
2024-07-27T23:20:26,135.166.89.15,150.169.208.143,TCP,587,botnet
2024-05-18T20:40:48,130.40.184.132,212.45.27.85,ICMP,985,botnet
2024-10-14T00:14:48,87.127.112.86,125.217.49.125,UDP,836,normal
2024-04-03T22:46:33,17.4.92.235,146.79.179.56,UDP,802,botnet
2024-11-29T15:40:52,157.184.69.144,68.145.4.151,TCP,475,normal
2024-03-20T12:24:11,213.105.178.34,151.78.178.238,UDP,704,botnet
2024-02-14T14:41:32,96.47.3.9,1.36.1.90,ICMP,677,normal
2024-06-13T14:42:36,153.126.89.191,44.80.17.200,UDP,151,botnet
2024-03-21T14:34:30,78.243.152.243,12.198.139.65,UDP,1390,normal
2024-08-10T11:53:33,201.81.143.148,212.251.196.184,TCP,1448,normal
2024-03-30T13:32:05,201.184.172.233,61.80.159.149,UDP,1031,botnet
2024-05-03T23:27:27,69.186.107.110,208.108.162.217,UDP,914,botnet
2024-06-06T16:12:25,200.102.87.203,119.58.7.214,TCP,130,normal
2024-08-30T08:10:37,91.82.188.111,39.213.52.168,ICMP,630,botnet
2024-06-15T03:31:06,13.163.136.99,93.118.23.195,TCP,1043,normal
2024-10-31T10:51:47,170.40.231.158,84.74.249.3,ICMP,62,normal
2024-11-14T11:59:36,106.45.131.228,11.129.67.24,TCP,669,botnet
2024-08-13T18:04:17,181.217.150.101,17.101.37.27,TCP,1463,normal
2024-10-22T16:12:59,86.78.238.167,137.233.20.216,ICMP,987,normal
2024-10-07T06:26:58,155.159.17.209,1.46.26.204,ICMP,1321,normal
2024-08-15T23:50:14,78.19.46.116,130.38.212.233,TCP,385,normal
2024-10-06T19:28:05,81.76.142.215,135.204.123.70,ICMP,1424,botnet
2024-06-12T16:29:12,85.108.126.208,221.87.36.40,TCP,152,normal
2024-09-24T04:52:52,182.76.199.235,124.227.228.105,UDP,1358,botnet
2024-03-20T10:24:19,124.94.165.199,117.157.101.110,ICMP,115,normal
2024-06-22T11:26:25,177.240.126.248,124.142.83.25,ICMP,1264,botnet
2024-07-16T22:10:00,167.92.182.183,41.7.34.220,ICMP,1433,normal
2024-11-21T16:20:57,117.84.252.225,145.178.189.47,UDP,564,normal
2024-04-16T05:51:15,121.13.212.200,188.220.52.171,ICMP,434,normal
2024-03-09T11:26:20,60.67.50.148,28.12.191.37,TCP,1307,botnet
2024-03-02T07:48:59,139.111.166.45,200.161.233.183,UDP,512,normal
2024-04-28T02:46:09,121.194.162.106,165.109.156.177,ICMP,440,normal
2024-06-23T21:14:39,141.242.195.197,222.101.181.148,UDP,545,normal
2024-03-26T06:32:13,186.85.32.141,139.97.169.214,UDP,295,normal
2024-03-19T21:48:47,126.230.31.223,223.234.39.194,UDP,1317,normal
2024-01-24T08:31:31,94.114.55.244,138.16.201.239,TCP,1199,botnet
2024-03-14T06:16:39,123.29.6.213,96.147.216.230,UDP,205,botnet
2024-11-18T03:06:01,39.24.180.68,118.147.215.224,ICMP,1167,normal
2024-04-08T15:00:45,111.76.170.235,190.129.25.175,ICMP,1195,botnet
2024-07-15T23:55:05,159.46.66.154,100.243.196.39,TCP,669,normal
2024-10-24T10:01:39,206.235.135.182,183.32.213.247,ICMP,1466,botnet
2024-09-20T11:31:31,83.184.72.69,187.201.72.84,TCP,1106,normal
2024-08-12T06:58:06,136.186.242.221,146.17.207.198,ICMP,752,botnet
2024-04-30T15:48:53,175.11.106.138,64.50.154.243,UDP,498,botnet
2024-08-16T07:52:42,32.241.114.69,12.56.66.22,ICMP,856,normal
2024-06-28T02:26:29,88.82.160.64,138.174.173.29,TCP,861,botnet
2024-05-08T00:31:14,211.76.31.74,17.14.179.9,TCP,965,normal
2024-01-23T23:12:01,193.59.31.241,12.172.182.122,UDP,286,normal
2024-01-17T00:18:56,194.108.95.30,79.46.99.93,ICMP,108,normal
2024-05-23T22:38:24,47.85.43.29,137.187.45.10,UDP,674,normal
2024-02-21T01:00:17,214.31.8.28,207.215.134.83,UDP,91,botnet
2024-08-07T00:20:09,133.119.20.232,119.234.178.150,UDP,746,botnet
2024-12-09T13:02:43,169.46.121.26,6.239.17.128,ICMP,1179,normal
2024-08-26T08:16:00,19.26.180.87,9.205.43.221,UDP,951,normal
2024-05-25T19:15:44,207.126.183.114,211.64.113.148,UDP,904,botnet
2024-11-05T05:18:34,74.27.251.0,197.188.210.38,TCP,659,normal
2024-01-04T14:51:21,209.101.226.215,159.56.168.0,TCP,617,botnet
2024-07-06T18:47:52,71.242.98.169,156.127.79.11,ICMP,1011,normal
2024-05-16T03:29:31,164.193.216.45,79.234.92.31,TCP,665,normal
2024-01-05T08:00:28,155.220.181.106,196.198.68.183,UDP,633,normal
2024-02-29T17:08:53,12.99.244.168,208.201.0.148,UDP,199,normal
2024-12-03T03:17:53,83.204.122.104,93.136.129.61,TCP,214,botnet
2024-12-21T23:11:48,116.195.142.136,198.8.107.20,ICMP,907,botnet
2024-09-18T03:07:46,8.107.75.109,153.194.225.240,TCP,746,botnet
2024-08-06T12:53:25,2.122.119.169,171.242.157.247,UDP,54,botnet
2024-02-20T03:57:35,141.196.32.250,178.159.171.48,ICMP,473,botnet
2024-07-15T18:08:08,104.24.113.82,6.115.57.104,TCP,431,normal
2024-06-10T03:59:36,21.69.111.155,176.162.210.52,ICMP,1100,botnet
2024-01-01T16:42:46,215.106.13.0,41.143.112.207,TCP,331,botnet
2024-11-01T08:06:20,4.152.215.77,207.251.192.224,ICMP,1360,normal
2024-09-25T10:16:48,81.176.81.122,216.244.49.157,TCP,1084,botnet
2024-07-28T18:28:54,47.77.16.150,118.216.127.9,ICMP,430,botnet
2024-05-26T20:30:32,91.8.44.185,124.94.28.255,ICMP,1011,botnet
2024-07-22T19:03:36,122.81.83.175,73.203.59.70,ICMP,1367,normal
2024-11-05T05:24:08,213.40.19.101,159.146.101.96,TCP,1332,normal
2024-03-09T19:44:40,141.196.188.65,70.25.227.177,ICMP,510,botnet
2024-01-01T03:59:02,62.185.189.202,105.8.222.224,TCP,628,botnet
2024-11-10T18:30:20,121.5.233.55,41.175.178.130,ICMP,756,normal
2024-12-21T21:06:31,117.185.4.204,54.150.60.249,TCP,904,normal
2024-02-11T05:47:41,141.64.246.48,202.28.151.132,ICMP,585,botnet
2024-05-09T02:41:48,31.145.219.55,192.84.56.128,UDP,720,normal
2024-03-30T04:13:59,183.220.46.40,171.113.154.247,UDP,352,botnet
2024-02-25T19:17:57,166.182.167.160,197.203.234.40,TCP,1196,normal
2024-11-12T04:21:56,62.39.107.79,25.77.69.230,ICMP,1055,botnet
2024-08-19T05:17:12,212.166.102.34,13.66.165.25,ICMP,1040,botnet
2024-05-19T20:28:41,47.133.212.107,223.237.97.32,TCP,578,normal
2024-06-19T22:26:17,118.74.140.18,23.238.102.193,UDP,578,normal
2024-08-28T17:48:01,60.94.232.74,139.7.125.173,TCP,1011,normal
2024-10-26T05:39:53,19.228.56.4,143.78.149.133,TCP,665,normal
2024-09-07T14:52:43,66.242.115.236,3.107.143.240,TCP,722,botnet
2024-02-21T22:15:51,67.115.2.113,117.247.60.22,TCP,638,botnet
2024-11-10T06:40:14,109.125.28.119,57.142.184.208,TCP,735,normal
2024-09-28T04:07:09,176.218.83.188,39.245.13.156,UDP,166,normal
2024-01-23T18:05:14,134.185.157.141,47.126.190.250,TCP,1108,botnet
2024-10-31T08:09:40,104.144.58.49,102.21.45.212,ICMP,463,normal
2024-05-06T13:44:10,202.30.80.212,194.19.210.169,ICMP,590,normal
2024-04-30T12:47:12,44.203.100.110,79.10.52.210,UDP,130,botnet
2024-03-01T01:56:33,61.4.101.145,113.31.157.231,ICMP,378,botnet
2024-11-08T00:15:29,112.229.82.40,154.17.158.214,UDP,1097,botnet
2024-12-02T19:57:03,37.204.171.128,87.208.180.93,TCP,1005,normal
2024-03-03T06:55:58,214.33.191.28,98.18.57.241,TCP,1110,botnet
2024-09-23T01:33:13,150.245.25.208,181.151.93.76,ICMP,942,normal
2024-02-29T12:10:04,210.196.49.197,116.8.66.12,UDP,820,botnet
2024-07-15T09:39:31,79.124.36.4,66.184.108.217,ICMP,392,botnet
2024-08-05T08:44:54,182.201.110.167,90.190.206.71,ICMP,612,botnet
2024-12-23T17:13:42,220.79.175.9,48.210.56.136,ICMP,174,botnet
2024-09-24T15:21:35,120.213.190.135,54.75.146.40,ICMP,69,normal
2024-12-01T00:51:48,116.212.193.44,144.44.179.129,UDP,136,botnet
2024-03-20T12:39:02,115.127.46.133,158.204.121.136,TCP,1320,normal
2024-10-12T14:17:26,128.16.209.110,96.154.89.185,ICMP,668,normal
2024-05-30T01:36:27,63.118.74.196,35.255.251.17,ICMP,1407,normal
2024-03-25T04:07:10,141.239.88.120,50.42.73.161,ICMP,578,normal
2024-10-27T07:45:20,151.78.196.141,221.249.101.115,UDP,446,normal
2024-12-23T07:15:11,145.165.134.51,3.219.103.134,ICMP,743,botnet
2024-05-21T04:49:24,83.191.232.58,136.175.76.142,TCP,147,botnet
2024-11-23T13:33:27,99.66.3.148,52.84.219.178,TCP,1129,normal
2024-02-09T16:33:56,140.228.106.123,57.1.66.218,ICMP,439,botnet
2024-09-30T07:11:06,38.180.168.97,61.154.177.65,ICMP,532,botnet
2024-08-31T21:03:51,114.97.90.219,163.208.65.225,ICMP,532,botnet
2024-08-26T04:28:38,215.34.182.103,131.65.67.29,ICMP,1272,normal
2024-08-24T16:48:15,90.32.169.27,30.243.68.134,UDP,138,botnet
2024-06-08T04:26:46,147.229.212.181,83.46.175.98,UDP,1140,botnet
2024-02-12T21:10:27,122.16.165.20,134.138.145.187,TCP,594,normal
2024-01-07T07:21:07,167.32.163.241,175.135.218.60,UDP,1016,normal
2024-06-27T16:51:29,135.137.84.60,92.204.220.6,ICMP,167,botnet
2024-08-30T08:10:00,139.152.144.152,62.184.105.184,TCP,912,normal
2024-10-19T04:38:44,200.141.248.83,45.253.254.234,UDP,261,botnet
2024-01-07T18:56:32,13.224.18.240,113.54.214.149,TCP,433,botnet
2024-09-10T04:19:54,221.94.244.200,107.54.251.20,UDP,787,normal
2024-01-19T09:40:10,163.233.19.190,4.184.56.166,UDP,946,normal
2024-09-26T01:19:23,72.50.44.23,63.54.124.233,TCP,640,botnet
2024-05-08T14:10:10,155.13.107.86,174.197.137.53,TCP,1145,normal
2024-06-25T14:59:56,161.207.200.28,7.236.153.222,ICMP,1047,normal
2024-11-08T01:35:36,146.137.188.32,144.63.132.243,ICMP,1139,normal
2024-01-04T08:57:22,183.150.167.98,184.31.55.110,TCP,112,botnet
2024-01-11T18:49:33,60.250.20.121,121.28.197.29,ICMP,1166,botnet
2024-07-25T20:00:30,195.136.183.251,53.182.227.109,ICMP,1395,normal
2024-08-24T14:40:04,22.200.27.183,28.210.28.1,TCP,68,botnet
2024-07-28T22:33:08,216.142.168.60,151.8.98.221,TCP,883,normal
2024-07-14T22:30:14,85.192.197.92,91.175.221.49,ICMP,117,normal
2024-08-27T04:51:23,15.94.208.226,144.75.131.87,TCP,927,botnet
2024-08-22T02:29:34,21.230.52.41,162.153.215.173,UDP,490,normal
2024-05-01T07:42:48,45.11.76.96,83.181.238.10,TCP,550,botnet
2024-07-19T10:19:20,102.176.179.19,176.77.228.242,ICMP,1140,normal
2024-07-03T11:12:26,173.194.30.209,66.206.253.16,TCP,1345,normal
2024-06-26T18:37:04,205.163.51.51,23.83.198.213,TCP,1285,botnet
2024-04-15T02:20:03,143.241.52.99,172.2.117.235,ICMP,1195,botnet
2024-05-24T00:59:23,70.47.215.180,129.198.177.11,UDP,959,botnet
2024-03-31T06:52:30,135.239.143.13,52.63.76.6,TCP,977,botnet
2024-12-04T12:52:20,122.215.120.98,115.52.43.39,TCP,811,botnet
2024-06-13T06:17:51,190.214.60.96,30.24.171.238,UDP,1329,botnet
2024-07-25T23:31:52,47.169.164.241,150.102.82.7,UDP,174,botnet
2024-07-06T22:29:17,93.89.183.60,11.40.203.157,UDP,1255,botnet
2024-09-09T23:09:33,126.56.98.195,8.226.108.3,ICMP,72,botnet
2024-09-23T04:56:45,104.190.46.63,3.22.78.30,UDP,908,normal
2024-08-14T03:37:46,55.80.173.62,57.206.3.17,ICMP,407,normal
2024-03-30T12:55:44,111.156.170.197,184.10.38.186,ICMP,724,normal
2024-09-21T17:36:12,210.164.218.79,136.6.44.176,TCP,861,botnet
2024-04-07T15:25:22,223.98.54.123,66.196.145.153,UDP,550,normal
2024-08-17T00:58:38,71.252.33.237,40.179.202.199,TCP,411,botnet
2024-01-07T00:45:15,191.99.229.211,81.207.196.16,TCP,1305,normal
2024-11-19T01:57:36,211.50.106.131,28.116.78.244,TCP,1344,normal
2024-09-29T02:58:15,187.187.81.135,109.233.99.252,ICMP,628,normal
2024-10-03T03:56:32,27.243.73.247,66.137.179.11,UDP,284,normal
2024-07-08T07:52:34,82.152.218.97,7.174.117.151,ICMP,1431,botnet
2024-06-11T12:41:45,52.221.31.128,54.202.254.223,ICMP,1226,botnet
2024-02-08T15:01:25,94.21.163.96,160.98.187.217,ICMP,462,botnet
2024-06-07T20:51:30,135.117.56.232,134.174.125.119,UDP,1363,normal
2024-01-29T04:24:50,145.88.199.81,62.109.157.100,TCP,182,botnet
2024-08-30T08:14:46,201.193.65.80,171.90.109.98,TCP,314,botnet
2024-09-26T02:10:32,28.197.4.237,31.44.46.250,TCP,456,normal
2024-01-16T11:32:46,128.64.26.179,121.27.22.169,TCP,780,normal
2024-02-03T01:54:59,41.193.136.62,195.185.147.112,TCP,659,normal
2024-05-22T19:27:07,72.37.104.127,116.184.137.212,UDP,714,botnet
2024-01-29T23:59:36,160.100.218.170,167.120.18.78,UDP,913,botnet
2024-11-18T16:32:27,130.7.126.161,93.56.232.38,ICMP,88,normal
2024-11-26T17:29:19,144.205.176.45,16.71.113.221,ICMP,907,normal
2024-05-20T23:48:48,3.57.86.52,12.112.203.195,ICMP,1378,normal
2024-02-24T03:54:44,124.199.237.209,184.98.139.240,ICMP,126,botnet
2024-06-09T02:33:32,213.53.142.9,12.13.15.197,ICMP,1121,botnet
2024-01-03T05:21:58,26.19.51.213,3.213.172.15,UDP,1065,botnet
2024-04-06T20:21:45,163.237.63.201,9.59.28.97,UDP,554,botnet
2024-03-02T16:15:50,61.40.81.127,7.220.198.69,ICMP,1036,normal
2024-02-28T02:01:33,82.145.104.211,169.70.62.38,UDP,1013,botnet
2024-10-29T21:02:03,174.89.164.142,22.164.255.105,ICMP,1426,botnet
2024-08-09T03:23:56,186.244.72.85,117.2.142.23,UDP,1267,botnet
2024-10-19T20:00:58,214.57.122.241,86.131.21.186,UDP,594,normal
2024-06-16T21:48:26,103.132.158.127,59.18.102.62,TCP,1023,botnet
2024-06-13T21:49:11,111.195.210.165,98.217.14.247,ICMP,286,normal
2024-08-08T17:48:22,16.110.233.186,13.39.70.2,ICMP,195,normal
2024-06-06T12:20:18,222.146.215.213,128.20.104.158,UDP,264,botnet
2024-10-03T22:06:42,115.112.229.69,45.35.232.196,TCP,1042,botnet
2024-02-09T05:12:08,10.53.85.18,223.121.9.16,UDP,1445,botnet
2024-02-25T09:57:46,90.106.206.213,16.18.94.151,ICMP,1095,normal
2024-12-20T05:30:23,130.224.58.111,146.47.174.175,UDP,1450,normal
2024-06-19T12:03:55,22.124.42.223,194.224.57.15,ICMP,1408,normal
2024-06-29T14:56:16,31.111.239.97,138.198.127.20,TCP,900,botnet
2024-08-31T17:03:03,119.247.29.58,162.58.169.167,UDP,741,botnet
2024-08-28T19:02:01,45.18.244.2,101.162.49.57,UDP,635,botnet
2024-08-26T13:05:24,54.185.126.178,137.218.101.25,UDP,871,normal
2024-10-11T00:12:14,142.13.91.33,111.139.252.164,ICMP,1477,botnet
2024-02-01T13:02:23,44.63.35.250,68.49.128.142,UDP,728,normal
2024-03-12T00:36:20,73.107.231.234,174.36.34.223,ICMP,73,botnet
2024-01-14T14:29:40,188.153.152.177,83.5.9.108,TCP,136,normal
2024-03-18T17:19:12,108.41.138.20,96.226.236.197,ICMP,1284,normal
2024-08-03T02:02:07,181.52.59.62,17.12.161.215,UDP,1468,botnet
2024-06-28T12:51:24,121.31.188.121,186.54.174.44,TCP,1259,normal
2024-03-31T10:28:04,79.237.122.77,133.7.167.84,ICMP,166,botnet
2024-06-16T02:30:51,147.182.66.81,135.6.26.145,ICMP,1398,botnet
2024-08-17T16:38:58,207.172.2.112,61.13.162.239,UDP,1435,normal
2024-12-16T14:58:02,185.137.229.185,81.10.183.87,TCP,830,normal
2024-08-17T23:19:22,24.188.254.3,105.94.219.128,UDP,377,botnet
2024-08-28T03:02:55,203.172.141.210,139.176.94.14,TCP,1050,normal
2024-09-05T22:25:28,38.55.47.18,34.137.15.226,ICMP,1075,botnet
2024-12-09T06:30:57,103.76.88.44,41.225.176.15,ICMP,1321,botnet
2024-08-23T12:36:29,186.201.39.124,135.34.146.216,TCP,685,normal
2024-02-07T03:08:34,208.64.69.82,98.219.254.77,TCP,853,botnet
2024-08-11T07:18:28,45.112.39.140,160.154.187.53,TCP,1011,botnet
2024-01-27T20:22:48,177.11.60.19,84.57.217.226,UDP,73,normal
2024-08-16T10:20:15,121.166.77.125,86.53.218.124,TCP,617,botnet
2024-05-25T22:45:30,33.21.143.203,67.175.43.163,ICMP,1313,botnet
2024-01-23T18:15:54,112.155.148.114,157.83.250.181,ICMP,1266,normal
2024-03-07T14:32:56,43.164.114.106,138.66.131.170,ICMP,664,botnet
2024-11-18T21:31:40,115.224.11.173,38.236.84.148,UDP,744,botnet
2024-05-17T19:16:25,155.42.76.89,76.96.163.202,ICMP,344,botnet
2024-10-14T20:31:31,19.236.65.226,30.237.105.60,TCP,1317,normal
2024-08-11T22:11:00,11.74.239.137,109.151.142.39,TCP,1062,normal
2024-07-02T03:44:55,66.176.149.220,157.163.17.59,UDP,226,normal
2024-08-05T23:48:10,200.8.205.113,222.128.118.81,TCP,1153,normal
2024-06-02T13:58:13,178.66.182.136,91.232.215.24,ICMP,189,normal
2024-12-21T00:44:50,95.93.136.65,52.123.128.167,ICMP,1082,normal
2024-11-25T15:59:14,151.44.39.199,75.149.208.1,UDP,892,normal
2024-08-16T18:06:27,60.91.236.230,36.240.103.97,TCP,164,normal
2024-08-22T06:53:26,122.233.62.67,169.40.96.127,ICMP,281,botnet
2024-11-24T08:41:03,45.174.173.29,146.116.97.139,TCP,694,botnet
2024-11-18T21:08:35,4.120.13.195,78.149.82.14,ICMP,664,normal
2024-11-28T06:51:07,153.173.14.70,17.177.4.6,UDP,145,botnet
2024-10-18T22:25:19,69.56.11.175,199.59.180.155,UDP,832,normal
2024-01-03T13:51:38,192.116.7.106,130.240.13.218,UDP,414,normal
2024-09-26T10:30:19,158.127.132.174,63.40.145.168,ICMP,909,normal
2024-09-26T10:24:25,179.138.250.50,146.13.131.135,TCP,93,normal
2024-11-14T18:45:24,158.145.255.93,37.133.128.80,TCP,1370,botnet
2024-02-23T14:47:14,152.0.185.106,126.207.76.153,TCP,1024,normal
2024-12-16T08:39:49,70.0.199.140,106.203.90.9,TCP,280,normal
2024-11-18T12:32:50,121.191.251.185,55.251.130.130,ICMP,704,normal
2024-01-01T02:01:57,23.165.23.242,105.110.212.218,ICMP,121,botnet
2024-09-10T03:20:36,198.105.110.231,110.232.60.84,TCP,286,normal
2024-04-25T17:49:24,39.135.115.218,199.154.27.73,TCP,610,botnet
2024-10-27T11:06:10,10.211.30.233,101.21.29.202,UDP,1035,botnet
2024-06-21T15:16:58,213.52.37.163,179.85.190.22,ICMP,1375,normal
2024-09-06T07:15:12,71.92.39.87,197.138.199.160,TCP,155,botnet
2024-07-29T07:40:41,28.111.166.11,9.4.61.226,ICMP,263,normal
2024-10-27T22:39:43,139.223.90.193,152.200.228.147,UDP,126,normal
2024-04-22T20:06:38,169.190.205.155,194.38.153.176,UDP,1219,normal
2024-10-23T16:27:30,21.81.188.44,156.171.119.27,TCP,1048,normal
2024-07-21T00:59:23,25.93.108.241,48.83.252.83,TCP,440,normal
2024-04-21T06:59:30,143.9.145.173,51.165.223.50,ICMP,1003,botnet
2024-09-08T08:49:39,168.90.131.60,59.155.53.103,UDP,1241,botnet
2024-02-23T03:56:06,91.106.8.97,170.90.217.6,ICMP,642,normal
2024-12-19T09:50:26,158.88.35.47,26.146.118.138,ICMP,527,botnet
2024-07-12T06:55:15,216.205.137.51,199.176.101.119,TCP,742,normal
2024-10-31T16:21:17,48.213.222.181,196.207.8.216,ICMP,460,normal
2024-04-09T12:07:36,38.37.143.33,51.162.102.2,ICMP,696,botnet
2024-04-28T02:30:23,12.78.167.7,153.132.52.190,ICMP,947,normal
2024-01-21T03:50:34,138.114.251.130,119.14.230.60,TCP,1326,botnet
2024-08-06T23:40:57,159.174.250.49,192.212.105.73,ICMP,1266,normal
2024-07-10T16:35:56,89.215.232.32,179.85.103.59,UDP,705,normal
2024-09-02T04:13:07,171.41.9.139,18.5.203.207,ICMP,1455,botnet
2024-09-27T17:41:08,176.130.200.63,16.227.25.253,ICMP,1344,botnet
2024-04-06T10:04:22,99.87.7.88,29.134.205.171,ICMP,1272,botnet
2024-10-04T22:04:20,137.189.57.104,175.190.139.46,TCP,801,botnet
2024-07-08T13:25:37,94.201.121.237,174.157.31.3,UDP,1228,normal
2024-03-07T05:20:36,192.70.136.225,189.109.47.183,UDP,586,botnet
2024-07-15T08:28:41,216.12.56.186,95.188.216.253,UDP,1497,botnet
2024-07-24T21:46:05,223.169.181.227,187.209.199.83,TCP,1447,botnet
2024-02-12T05:06:40,37.119.54.24,161.195.106.214,UDP,442,normal
2024-05-25T18:21:37,91.203.145.254,97.19.165.191,ICMP,1328,botnet
2024-12-11T12:11:25,114.142.18.95,120.195.48.184,UDP,538,normal
2024-08-17T19:00:23,91.92.127.237,55.133.62.59,TCP,717,botnet
2024-09-22T08:35:02,124.142.13.106,28.130.170.150,ICMP,764,normal
2024-02-03T00:49:12,201.43.55.195,214.192.197.38,TCP,602,botnet
2024-12-08T17:58:15,85.97.203.226,117.172.255.130,ICMP,364,botnet
2024-06-13T02:41:03,112.66.157.163,119.155.111.178,TCP,198,botnet
2024-05-04T10:50:17,79.173.213.70,148.220.31.66,ICMP,1410,botnet
2024-03-29T19:51:02,113.58.49.94,78.98.179.249,UDP,677,botnet
2024-06-11T22:04:58,72.63.165.138,206.52.88.244,TCP,473,botnet
2024-03-01T18:54:45,2.93.223.192,39.208.237.125,UDP,1382,botnet
2024-09-16T09:52:58,133.112.223.205,124.135.42.17,UDP,541,normal
2024-09-25T05:56:43,72.217.42.149,82.7.8.102,TCP,1032,normal
2024-05-30T02:36:26,168.73.79.106,71.246.40.1,UDP,451,normal
2024-12-18T23:53:13,75.234.74.41,118.15.130.157,ICMP,973,normal
2024-07-16T23:09:12,24.69.250.128,138.97.26.89,UDP,1143,botnet
2024-03-03T03:54:57,111.26.170.215,149.41.83.215,TCP,469,botnet
2024-02-22T10:05:34,201.5.76.134,164.232.18.242,ICMP,343,botnet
2024-06-03T17:09:15,157.8.128.233,67.87.134.66,ICMP,186,botnet
2024-06-03T08:47:46,8.156.207.38,61.187.207.174,TCP,846,botnet
2024-10-08T23:34:57,206.111.38.19,19.236.215.164,ICMP,1411,normal
2024-05-19T21:47:14,46.54.27.122,211.87.62.15,TCP,759,normal
2024-07-03T14:49:26,140.156.152.94,24.200.170.92,UDP,1321,normal
2024-06-08T18:14:59,52.248.9.250,64.89.254.212,TCP,614,normal
2024-09-08T20:52:07,34.35.165.170,103.195.210.86,TCP,246,botnet
2024-11-18T18:06:41,80.43.142.249,204.212.104.163,ICMP,735,normal
2024-10-02T01:30:11,106.204.186.107,198.226.67.204,ICMP,858,normal
2024-07-20T04:47:35,221.137.200.248,220.166.143.104,TCP,1019,botnet
2024-12-16T23:06:13,132.15.211.198,108.187.233.180,TCP,321,botnet
2024-11-09T10:13:04,216.251.177.166,164.69.8.3,UDP,398,botnet
2024-02-25T15:19:30,109.206.158.41,57.17.104.228,ICMP,960,normal
2024-03-23T19:28:03,106.126.190.63,182.83.76.19,ICMP,703,normal
2024-08-23T01:07:11,81.215.184.41,12.246.81.81,ICMP,481,botnet
2024-07-11T21:24:08,159.99.100.86,163.46.27.191,UDP,998,botnet
2024-11-16T21:52:25,16.246.42.18,134.242.232.148,ICMP,840,botnet
2024-01-31T05:30:24,212.125.137.49,27.243.70.91,UDP,1487,botnet
2024-02-24T07:43:41,105.215.201.98,129.208.155.142,UDP,1077,botnet
2024-04-20T02:53:10,175.151.132.2,113.151.185.141,ICMP,727,normal
2024-08-16T06:22:09,12.151.199.88,97.211.157.9,ICMP,199,normal
2024-04-14T15:40:25,72.49.176.78,223.185.123.220,TCP,653,normal
2024-05-07T01:53:56,55.143.157.59,153.9.57.110,ICMP,740,normal
2024-08-02T08:40:57,7.81.165.162,194.116.69.226,UDP,58,normal
2024-05-22T19:13:13,13.232.238.76,70.73.223.177,ICMP,1388,normal
2024-09-27T13:46:08,50.0.205.191,54.20.69.196,UDP,83,botnet
2024-04-16T06:15:57,223.240.129.22,92.226.68.218,ICMP,465,normal
2024-07-13T16:30:33,75.120.246.237,49.175.21.32,ICMP,1081,botnet
2024-02-07T03:40:17,61.21.133.51,98.236.176.201,ICMP,712,normal
2024-12-15T01:08:56,23.65.241.249,193.245.69.8,TCP,991,normal
2024-10-13T04:20:40,36.43.148.113,92.74.149.17,TCP,1020,normal
2024-04-29T09:02:29,188.160.4.186,162.185.22.228,UDP,1474,normal
2024-02-03T16:54:57,143.170.4.123,86.89.88.28,ICMP,900,normal
2024-09-09T20:22:34,166.217.12.97,60.186.190.204,ICMP,1394,botnet
2024-01-06T05:10:07,171.184.57.51,177.10.236.225,TCP,1344,normal
2024-12-21T08:58:18,5.32.66.167,2.43.12.174,ICMP,255,normal
2024-07-23T00:18:19,92.162.9.71,158.29.248.228,UDP,1458,normal
2024-08-18T16:38:09,72.193.107.49,149.201.42.253,ICMP,247,normal
2024-06-19T20:48:05,101.219.110.47,35.107.221.60,TCP,207,normal
2024-10-12T08:56:48,72.164.224.159,145.161.130.73,ICMP,1498,botnet
2024-11-09T02:10:58,113.185.96.93,83.234.56.30,ICMP,462,botnet
2024-04-06T11:59:19,172.47.222.65,44.112.150.143,UDP,399,normal
2024-10-30T07:07:08,64.74.141.216,134.170.99.235,ICMP,1478,normal
2024-02-01T04:45:55,194.155.30.113,7.167.64.85,UDP,564,botnet
2024-05-23T03:05:47,40.11.161.212,124.188.34.102,TCP,499,normal
2024-08-13T20:52:53,190.163.171.140,157.104.139.250,ICMP,1320,normal
2024-05-26T15:51:04,193.174.153.202,27.195.95.141,UDP,1498,normal
2024-11-28T22:57:53,154.60.3.61,115.57.142.146,UDP,395,botnet
2024-04-22T06:28:59,139.95.61.206,91.28.214.175,UDP,988,normal
2024-10-30T14:31:10,218.139.161.250,162.56.68.195,ICMP,308,normal
2024-01-08T12:17:24,189.22.44.146,209.105.142.220,UDP,990,normal
2024-04-04T07:43:32,78.192.99.41,203.109.51.57,UDP,527,normal
2024-04-24T16:34:35,68.52.8.20,64.138.138.133,TCP,915,botnet
2024-02-05T18:56:17,205.159.9.1,168.3.150.194,ICMP,1228,botnet
2024-07-20T05:25:36,41.132.66.43,19.25.40.12,UDP,929,normal
2024-12-01T16:47:19,118.72.110.102,204.222.153.57,ICMP,263,botnet
2024-05-05T13:14:27,212.233.127.159,83.63.65.99,TCP,766,botnet
2024-02-24T13:51:18,212.128.141.86,193.116.164.75,UDP,1218,botnet
2024-10-26T04:47:47,204.34.156.185,133.47.96.183,TCP,1485,botnet
2024-01-11T11:25:08,18.27.60.123,43.55.18.232,ICMP,999,normal
2024-09-01T22:34:53,76.171.156.68,164.52.175.30,UDP,731,normal
2024-08-12T04:22:38,175.168.184.233,50.224.55.169,UDP,1456,normal
2024-03-18T07:47:24,164.132.253.131,222.155.184.71,ICMP,1185,botnet
2024-06-21T12:52:21,177.75.188.6,9.171.129.119,ICMP,442,botnet
2024-08-22T23:24:26,32.44.211.147,134.2.114.210,ICMP,583,botnet
2024-06-01T06:40:24,44.124.25.147,149.17.214.14,TCP,1262,normal
2024-02-19T11:56:47,77.57.254.180,130.89.204.132,TCP,79,normal
2024-07-21T10:18:29,106.16.90.91,90.153.73.218,UDP,327,botnet
2024-08-26T23:15:42,27.183.86.158,219.162.194.21,TCP,345,normal
2024-03-05T18:33:42,61.134.155.240,187.48.133.98,TCP,1426,botnet
2024-07-27T01:42:56,73.214.191.81,180.18.174.165,UDP,967,botnet
2024-05-21T12:21:00,75.144.147.37,168.11.189.70,TCP,917,normal
2024-05-07T10:50:33,212.233.9.239,102.228.3.215,TCP,407,normal
2024-07-05T20:29:17,172.133.35.37,57.1.8.254,UDP,925,normal
2024-09-27T16:48:51,187.61.91.165,181.242.138.71,UDP,327,botnet
2024-01-24T19:03:01,134.210.68.92,135.209.89.75,TCP,789,normal
2024-03-29T02:01:54,52.83.134.118,141.182.255.192,TCP,285,normal
2024-07-17T02:54:40,54.62.195.61,193.25.28.211,UDP,1131,botnet
2024-08-29T12:34:07,31.112.1.86,58.157.193.233,ICMP,84,botnet
2024-05-13T23:07:52,76.172.212.212,56.197.195.11,ICMP,632,normal
2024-08-19T10:30:03,123.84.103.241,84.202.62.222,UDP,55,botnet
2024-03-15T05:53:28,2.173.139.182,61.204.101.56,TCP,1150,botnet
2024-01-02T22:30:31,27.233.90.131,50.128.131.220,TCP,476,botnet
2024-08-27T23:29:38,219.103.81.126,204.30.38.134,TCP,1329,normal
2024-07-31T01:44:00,28.227.100.118,19.155.112.126,UDP,148,botnet
2024-06-10T17:52:33,179.22.176.192,56.86.235.249,TCP,683,botnet
2024-10-02T13:13:25,199.178.158.52,185.83.32.59,TCP,348,botnet
2024-06-05T10:24:22,208.129.163.201,108.9.47.204,ICMP,307,normal
2024-06-23T20:53:16,131.158.98.5,135.157.186.161,UDP,1379,botnet
2024-09-20T03:12:30,2.171.174.50,159.155.140.88,TCP,1163,normal
2024-06-22T13:56:24,145.193.130.237,206.213.61.132,ICMP,775,botnet
2024-07-18T14:22:58,202.229.13.49,207.230.164.78,TCP,1420,normal
2024-11-20T19:36:25,82.244.111.232,217.177.74.162,ICMP,1208,botnet
2024-11-08T18:58:17,205.166.29.120,71.248.65.34,UDP,208,botnet
2024-09-26T22:01:15,157.30.171.10,107.138.170.82,UDP,959,normal
2024-05-14T22:18:18,26.210.124.91,200.57.201.227,TCP,190,normal
2024-08-04T01:08:20,35.63.232.189,107.146.13.51,TCP,1469,normal
2024-03-18T16:48:57,36.166.160.29,177.148.48.40,UDP,488,botnet
2024-10-28T18:46:46,87.90.158.150,43.125.152.214,UDP,581,normal
2024-08-26T23:33:27,220.53.90.244,5.223.81.108,UDP,754,botnet
2024-12-14T00:09:51,199.205.12.63,49.4.47.113,TCP,460,normal
2024-03-01T04:38:18,155.11.166.242,87.96.8.53,UDP,187,botnet
2024-08-11T10:05:21,150.103.66.148,143.254.99.25,UDP,516,botnet
2024-08-22T22:18:45,62.105.126.28,59.116.80.197,ICMP,1328,normal
2024-04-15T16:28:58,100.208.39.174,148.2.141.98,ICMP,678,normal
2024-02-02T06:34:23,39.169.208.52,168.203.137.156,UDP,713,botnet
2024-10-14T16:45:05,213.191.88.0,27.118.172.115,UDP,655,normal
2024-03-15T22:03:55,96.80.59.205,193.159.191.9,ICMP,486,normal
2024-01-16T18:44:12,214.180.189.67,178.53.189.118,UDP,1011,botnet
2024-11-29T23:02:14,7.24.197.45,70.188.84.40,TCP,118,normal
2024-07-23T00:03:59,103.33.159.218,75.80.147.70,UDP,344,normal
2024-12-11T07:56:46,163.46.129.24,122.105.53.49,TCP,888,normal
2024-01-07T19:17:41,222.180.106.19,29.130.168.196,ICMP,897,normal
2024-12-19T09:07:30,58.125.43.133,76.202.214.194,ICMP,1327,normal
2024-12-18T16:22:22,11.63.20.106,202.91.207.54,TCP,1489,normal
2024-04-29T06:17:42,62.42.168.161,180.140.68.64,TCP,1222,botnet
2024-06-23T02:25:00,102.58.64.96,10.102.22.124,UDP,359,botnet
2024-05-20T10:23:18,31.108.201.56,55.6.234.43,ICMP,1333,botnet
2024-05-31T08:29:23,57.251.86.233,211.42.175.203,TCP,987,botnet
2024-04-20T21:35:14,170.102.68.220,117.1.234.239,TCP,805,normal
2024-03-26T15:30:14,80.12.84.84,102.130.235.76,TCP,903,normal
2024-04-01T05:51:57,65.65.119.236,40.151.126.206,ICMP,1373,normal
2024-10-26T14:19:00,140.176.154.149,137.37.128.7,UDP,381,botnet
2024-06-19T18:47:13,111.107.102.93,44.145.172.232,TCP,1131,normal
2024-03-17T05:35:22,187.252.141.147,26.253.246.230,UDP,422,botnet
2024-01-16T17:42:34,99.214.74.143,198.235.11.252,UDP,903,normal
2024-11-12T18:21:06,186.174.55.230,166.194.60.30,TCP,1128,botnet
2024-06-30T05:23:03,166.125.245.78,121.82.74.211,ICMP,395,botnet
2024-04-11T07:10:20,223.58.76.146,125.19.208.105,UDP,1121,normal
2024-03-03T01:52:16,54.173.193.225,162.153.140.44,ICMP,644,botnet
2024-01-16T04:00:31,67.238.62.14,59.182.108.215,TCP,1058,normal
2024-07-16T01:03:08,180.21.33.230,13.103.70.13,TCP,1150,botnet
2024-10-16T09:47:26,210.51.2.245,128.73.202.113,UDP,787,botnet
2024-04-30T03:55:43,188.216.215.144,185.143.86.231,TCP,1047,normal
2024-08-13T21:51:15,77.185.126.142,53.213.101.141,ICMP,601,normal
2024-12-04T16:32:43,223.149.147.11,138.142.183.124,ICMP,607,normal
2024-07-25T04:39:00,190.224.102.145,63.24.202.59,TCP,1083,normal
2024-02-19T23:23:28,150.115.23.133,120.67.213.76,TCP,1394,normal
2024-03-24T04:01:00,43.206.175.239,131.249.252.121,UDP,622,botnet
2024-07-09T13:05:49,220.6.22.171,51.152.128.36,TCP,695,botnet
2024-05-09T07:09:07,131.208.189.24,95.124.160.231,TCP,475,normal
2024-04-07T02:55:35,159.255.199.55,94.237.196.84,UDP,340,normal
2024-01-17T22:04:45,158.142.164.56,53.151.171.217,ICMP,1098,normal
2024-05-12T00:58:37,163.112.174.224,123.19.123.33,ICMP,687,botnet
2024-01-30T14:32:24,74.190.9.22,174.102.41.146,UDP,152,botnet
2024-03-20T06:36:36,101.193.224.255,140.101.53.60,TCP,492,normal
2024-09-11T01:46:26,27.2.181.18,7.60.215.69,TCP,57,normal
2024-04-13T13:46:04,159.19.53.182,105.192.158.188,TCP,1346,normal
2024-09-11T18:47:55,124.62.70.67,69.186.158.173,UDP,1387,botnet
2024-09-15T03:41:25,67.106.8.127,210.178.218.32,ICMP,1011,normal
2024-04-12T12:49:40,214.152.215.8,192.0.31.211,TCP,897,botnet
2024-06-01T12:49:54,77.242.61.62,10.225.220.59,TCP,126,normal
2024-01-01T09:24:53,214.64.192.51,54.6.178.97,UDP,556,normal
2024-09-01T22:32:24,213.21.130.96,198.1.169.72,ICMP,1494,botnet
2024-11-22T08:13:28,14.32.125.13,6.179.186.99,ICMP,604,normal
2024-06-11T05:14:41,150.22.236.253,10.225.168.238,TCP,739,botnet
2024-07-03T20:39:01,172.24.110.48,189.40.249.171,UDP,357,botnet
2024-11-22T12:09:01,189.201.12.63,10.42.107.68,ICMP,1445,botnet
2024-06-19T14:58:30,10.224.52.114,17.183.106.206,ICMP,300,normal
2024-04-01T11:14:16,42.159.100.144,18.4.154.61,ICMP,822,normal
2024-12-23T13:07:48,198.120.81.182,53.136.94.213,ICMP,725,botnet
2024-10-17T21:35:26,66.186.35.53,55.155.43.114,ICMP,191,botnet
2024-10-18T23:08:18,28.189.182.151,196.33.52.160,ICMP,191,normal
2024-03-11T19:32:34,208.75.128.151,59.246.177.215,TCP,664,normal
2024-02-29T08:49:22,198.21.223.180,194.164.38.220,ICMP,60,normal
2024-12-06T14:31:47,151.94.104.10,111.205.164.244,UDP,1112,normal
2024-02-07T16:38:20,43.98.100.110,4.248.102.186,ICMP,496,normal
2024-08-07T12:45:34,190.78.196.244,141.166.5.4,UDP,612,normal
2024-05-03T16:57:46,40.84.236.87,162.157.180.225,ICMP,845,normal
2024-02-03T05:40:18,161.249.173.79,45.33.43.160,TCP,1364,normal
2024-02-10T15:49:43,30.252.122.172,170.31.114.141,TCP,215,botnet
2024-02-03T03:27:46,61.49.36.62,58.230.140.126,TCP,1102,normal
2024-04-20T07:29:02,167.103.104.117,76.186.144.131,TCP,411,normal
2024-12-22T01:35:24,115.46.161.235,151.9.51.2,ICMP,778,botnet
2024-06-16T08:23:22,17.208.120.41,190.176.124.229,ICMP,1113,normal
2024-01-11T11:25:02,126.141.214.236,74.129.186.112,ICMP,558,botnet
2024-08-11T01:33:44,156.207.121.167,206.31.168.163,ICMP,219,normal
2024-03-25T01:33:25,118.0.120.35,51.182.216.90,ICMP,450,normal
2024-10-20T18:19:39,202.24.70.78,43.64.194.44,ICMP,1343,normal
2024-05-06T01:32:35,99.136.154.144,170.149.3.105,UDP,955,normal
2024-12-07T11:17:26,217.196.70.78,65.172.74.88,ICMP,1149,botnet
2024-08-17T17:29:03,162.223.227.98,20.169.63.72,ICMP,173,normal
2024-07-10T03:32:57,50.157.32.63,58.19.220.106,UDP,693,normal
2024-06-02T01:10:40,133.32.87.200,20.34.68.71,UDP,679,botnet
2024-01-26T02:14:07,56.177.36.171,106.20.218.114,TCP,1037,botnet
2024-09-24T23:38:59,14.28.29.71,44.57.48.163,UDP,1012,normal
2024-10-04T02:58:09,50.13.4.98,56.123.21.84,ICMP,1336,normal
2024-06-14T21:32:56,145.16.169.28,8.11.122.29,ICMP,1214,normal
2024-05-13T18:36:31,189.115.37.94,163.214.223.120,TCP,1180,botnet
2024-06-21T14:20:31,203.204.218.17,76.36.255.55,ICMP,1144,normal
2024-02-10T10:55:24,176.226.225.4,104.34.245.64,UDP,1040,botnet
2024-04-06T20:42:48,50.124.36.147,19.200.158.240,ICMP,99,botnet
2024-05-14T12:25:59,121.66.253.241,114.177.134.140,ICMP,996,botnet
2024-10-25T18:59:09,165.211.137.174,117.0.216.253,ICMP,575,botnet
2024-11-01T23:11:47,37.32.117.10,18.26.97.226,ICMP,1140,botnet
2024-07-12T06:36:33,151.80.74.2,30.250.207.47,ICMP,71,botnet
2024-02-13T14:10:51,143.138.112.53,182.46.208.207,ICMP,577,botnet
2024-06-11T18:45:51,11.8.48.157,32.53.130.40,TCP,1052,botnet
2024-10-27T03:12:21,180.215.50.145,194.250.159.198,ICMP,1006,normal
2024-07-29T21:28:01,172.186.84.79,6.231.236.13,ICMP,850,botnet
2024-11-01T12:17:10,107.68.7.136,159.41.237.162,UDP,858,normal
2024-10-07T22:43:58,192.84.101.226,218.198.40.222,ICMP,1489,normal
2024-06-29T03:20:39,112.182.41.10,13.49.133.29,TCP,711,normal
2024-08-19T06:08:22,151.52.170.114,202.214.113.251,ICMP,458,botnet
2024-03-31T11:59:41,22.136.37.75,94.206.222.59,ICMP,1284,botnet
2024-02-26T03:03:57,168.53.33.192,75.119.187.106,UDP,594,normal
2024-10-16T13:49:16,185.29.228.74,31.53.102.222,ICMP,1492,normal
2024-07-21T14:02:46,200.91.153.13,213.96.8.84,UDP,827,botnet
2024-06-12T01:26:03,180.252.216.91,47.144.38.84,UDP,187,botnet
2024-10-04T15:26:33,147.241.196.68,36.166.126.25,ICMP,363,normal
2024-03-26T12:27:58,56.28.75.150,10.36.80.145,ICMP,1135,normal
2024-05-31T22:20:46,83.105.244.182,199.69.111.148,ICMP,1434,botnet
2024-05-03T22:08:32,50.85.80.96,108.87.27.48,TCP,1290,botnet
2024-05-09T07:43:45,128.53.135.191,30.246.71.113,UDP,350,botnet
2024-08-27T00:23:54,129.49.234.170,56.9.228.153,UDP,83,botnet
2024-01-05T14:49:21,23.83.212.171,47.22.229.138,TCP,158,botnet
2024-11-09T20:37:28,171.29.164.250,93.113.43.94,UDP,526,botnet
2024-11-01T13:43:03,52.138.185.130,87.247.32.154,ICMP,1012,botnet
2024-05-07T16:47:01,133.209.2.192,157.89.162.108,TCP,1200,botnet
2024-08-24T21:42:01,66.56.119.58,104.31.76.78,UDP,1226,botnet
2024-03-20T14:49:03,55.239.150.131,209.151.0.17,TCP,1445,botnet
2024-05-04T10:03:26,188.136.247.228,21.148.35.60,ICMP,962,normal
2024-10-25T19:14:35,174.53.58.245,75.60.64.62,UDP,441,botnet
2024-03-04T18:54:21,122.142.187.42,134.188.18.16,TCP,1144,botnet
2024-10-26T08:27:31,136.75.213.2,210.123.43.208,TCP,1381,botnet
2024-01-21T01:07:26,50.40.115.55,43.69.82.39,UDP,86,normal
2024-11-19T08:56:52,33.74.135.158,177.155.192.150,UDP,1348,botnet
2024-11-09T10:56:32,104.209.193.172,158.188.24.227,TCP,1264,botnet
2024-08-22T15:04:13,95.48.45.236,24.58.50.171,UDP,1222,botnet
2024-06-17T17:35:03,74.17.178.231,153.143.61.167,TCP,91,botnet
2024-09-03T00:01:16,25.164.206.88,197.130.90.107,TCP,61,normal
2024-11-25T21:29:31,7.238.252.50,60.167.187.215,ICMP,163,normal
2024-10-05T10:05:12,27.4.103.240,63.79.200.46,UDP,100,normal
2024-01-08T16:08:32,163.9.138.50,202.137.143.88,UDP,86,normal
2024-11-10T09:45:43,14.102.247.169,176.87.59.232,UDP,1105,botnet
2024-09-16T03:18:50,118.147.55.59,196.148.247.84,ICMP,1210,botnet
2024-03-13T07:01:10,39.53.130.180,86.22.23.163,ICMP,910,normal
2024-03-07T18:42:29,13.222.14.46,65.200.130.90,ICMP,996,normal
2024-01-31T03:18:51,9.248.185.8,180.176.13.13,TCP,1264,normal
2024-12-10T16:39:45,129.24.46.233,159.115.141.127,UDP,726,normal
2024-07-09T04:57:06,194.131.4.170,222.225.92.18,UDP,836,botnet
2024-07-12T05:16:52,85.57.211.163,216.62.158.75,ICMP,881,normal
2024-11-29T10:06:06,187.223.157.189,179.124.104.241,TCP,1051,botnet
2024-05-19T07:54:33,165.110.145.199,5.31.198.204,ICMP,602,normal
2024-05-18T17:12:54,192.215.240.63,218.196.242.169,TCP,548,normal
2024-07-22T18:04:02,198.202.68.136,190.60.228.171,UDP,647,normal
2024-10-15T03:08:11,33.189.106.38,63.183.40.1,UDP,1269,normal
2024-12-06T12:44:25,134.17.25.141,62.58.49.155,TCP,1354,botnet
2024-07-20T12:41:10,37.227.8.38,4.212.102.51,UDP,1238,botnet
2024-05-10T00:00:26,187.181.135.152,39.81.183.62,ICMP,302,normal
2024-11-20T13:57:12,130.74.85.127,97.253.247.79,TCP,464,botnet
2024-10-26T06:33:41,145.138.124.77,49.42.240.62,ICMP,774,normal
2024-04-09T15:01:38,83.210.238.55,68.92.225.29,TCP,447,normal
2024-11-06T12:30:14,5.102.171.239,174.253.180.143,TCP,1257,normal
2024-07-10T05:00:09,85.118.135.90,22.117.255.198,UDP,439,botnet
2024-08-03T01:17:05,48.223.44.133,77.206.152.41,ICMP,1002,normal
2024-04-07T13:10:05,170.79.127.153,198.146.208.170,TCP,293,normal
2024-04-10T10:21:17,151.151.109.98,105.51.170.230,TCP,1494,normal
2024-10-23T22:07:48,43.86.38.14,4.58.232.226,ICMP,684,botnet
2024-12-08T05:16:45,154.210.232.20,122.3.173.8,ICMP,1490,botnet
2024-05-15T08:59:13,56.5.239.205,115.105.50.166,TCP,1225,normal
2024-01-08T00:57:31,56.101.143.251,66.208.59.246,UDP,1363,botnet
2024-02-19T12:22:04,144.10.8.178,163.165.80.177,ICMP,680,normal
2024-07-29T10:56:27,83.18.69.74,81.207.186.12,TCP,1221,normal
2024-09-24T06:09:52,113.202.8.172,53.150.223.156,ICMP,389,normal
2024-05-03T09:33:22,108.31.199.28,145.126.158.224,ICMP,638,botnet
2024-02-29T03:11:59,57.163.55.69,58.139.132.155,UDP,570,botnet
2024-01-27T06:26:31,102.125.18.47,179.181.67.16,TCP,1359,botnet
2024-04-01T10:32:47,190.209.152.32,82.12.215.32,ICMP,86,botnet
2024-05-13T14:04:35,21.153.202.69,2.198.142.74,TCP,1413,normal
2024-07-09T21:05:44,90.194.124.104,7.2.205.252,ICMP,206,normal
2024-03-03T22:51:47,180.110.1.237,94.5.130.39,TCP,606,normal
2024-06-21T23:43:38,7.224.207.26,178.39.164.212,TCP,108,botnet
2024-07-05T01:33:24,92.46.64.245,81.226.85.231,UDP,1469,normal
2024-10-19T16:17:19,99.230.254.157,167.15.2.16,ICMP,1250,botnet
2024-12-20T09:39:16,144.237.247.212,94.72.4.241,ICMP,836,botnet
2024-11-21T09:48:10,111.40.246.5,27.144.209.126,ICMP,774,botnet
2024-09-14T01:12:21,205.253.36.132,217.106.92.203,TCP,547,botnet
2024-05-25T20:17:41,221.86.253.93,128.142.94.193,UDP,1357,normal
2024-07-16T07:02:37,182.105.13.1,37.210.57.255,UDP,198,normal
